Temp Enfriamiento,Hum Enfriamiento,Durabilidad media
32.99077961677947,11.280665713808597,99.38989710117734
29.98208774113752,12.844737499194055,99.47264090106626
27.060842816263186,13.874147851921217,99.50287991571996
30.129009793944803,13.031497671578268,99.50011220149085
29.43801584412113,12.520572081144936,99.47159725839816
26.723558610584508,11.259683359231332,99.38822789430075
26.915449575699128,11.190820785959252,99.39340294123006
26.10155423395982,13.28085679878436,99.50300580572262
29.997106507578863,14.995869183657561,99.49373082462337
28.393989323037058,14.938836490427118,99.50348930181602
28.399203286713767,14.995481851538365,99.50348930181602
28.465102138813297,14.865403805112058,99.50403115555129
28.517496543862006,14.15826502146836,99.50403115555129
31.541177804087603,14.085818319848302,99.49179999130881
28.22512479154345,14.200642945673872,99.50348930181602
28.992891615141772,14.446653739110925,99.50228587090366
27.678502474643246,13.466271145304212,99.50023717503481
30.766196612702196,12.090013088648028,99.47069522544409
28.95180526859577,14.534925929715145,99.50228587090366
27.753806110064094,13.654807082047116,99.50113716319389
31.545541699217377,14.422088400452678,99.49179999130881
28.541190402844304,14.708882723180787,99.50403115555129
28.914052435953455,14.643103222811186,99.50458243850842
29.312756016408226,14.017932598194813,99.50236077759955
27.367223994777568,14.695309388257753,99.50023717503481
27.89745329248529,14.307877007589987,99.50113716319389
28.790859803076312,13.771319027776771,99.50403115555129
29.657600177101695,14.657242602229736,99.49863695649476
30.863782383775032,14.199759593953901,99.49397857549835
32.381841573223646,11.729184333337942,99.44461979542506
30.598616733609198,13.509602719234278,99.49402120824674
28.503958145864058,14.685670518854307,99.50403115555129
28.016770718878643,14.78155053735306,99.50348930181602
29.1073965570545,14.464550629399698,99.50236077759955
28.695224802612408,13.871079374418397,99.50403115555129
29.64816264207536,12.88597586482369,99.47157161431127
27.49996205171455,12.554988059508654,99.4603586143515
27.26524098478114,14.730209714392009,99.50161806841594
26.645987178532394,14.008806251097994,99.50300580572262
30.352453047814922,14.313060599077785,99.49402120824674
29.35891286409817,13.227619385647728,99.50815660500544
29.46789860362864,13.241585434521818,99.50815660500544
29.841878670355122,13.172308556695393,99.49845736527428
29.4640553608339,12.598145323644724,99.46812484523248
29.227918091566863,13.243031072321239,99.50815660500544
29.268228027585494,13.035128547334907,99.50845177084366
30.090615721362354,13.038863696319062,99.49982181786746
29.203591559415536,12.315348164461028,99.4729593790378
30.292312299887907,13.372065056214335,99.49981703565263
29.730338417510453,12.735968867260041,99.47179565946517
29.427541695468566,13.196580116909479,99.50815660500544
29.43458516194812,13.171923022831798,99.50815660500544
29.39033596206364,13.102360376396618,99.50815660500544
29.97016250718904,13.17881245471582,99.49952665202926
29.214091056890695,12.8970059318213,99.47157161431127
29.549415401010602,13.315540974778502,99.50815660500544
31.053066242537437,13.616131365518958,99.49397857549835
28.192571131206797,12.783787625126914,99.47292418368161
30.343781759350485,13.49229504722701,99.49402120824674
28.836555510605713,12.368002013695047,99.4751095000446
29.88321225065883,12.99871958811756,99.48311180707141
29.411826946239728,13.230407557860307,99.50815660500544
29.349810038791148,13.071284353832224,99.50845177084366
29.014943803462383,13.365463180287009,99.50808169830955
28.769376899037603,12.981713432738122,99.46941406810755
29.232746239070693,12.685456122160984,99.46913301463783
29.62126815490197,13.670197329558478,99.50236077759955
30.212131379705227,13.429535584695657,99.49981703565263
28.3063880751365,13.116901698792013,99.5092851292219
28.30644444886935,13.57388868558987,99.50348930181602
28.079186990366,12.87366295652023,99.47270013852774
29.03129767996208,13.247553681514738,99.50808169830955
29.40048344475089,13.097114348529304,99.50815660500544
28.706476584397745,13.783529146714493,99.50403115555129
29.735443839186903,12.954015267860365,99.47954231972435
30.03189671454904,13.0904178068669,99.49982181786746
28.454827009664417,13.272038521041944,99.50982698295716
28.464905703933297,13.301424744746189,99.50982698295716
28.545197854097502,13.317655025280244,99.50982698295716
28.560861472508243,13.427917089300312,99.50982698295716
27.732796339596476,13.493573454255754,99.50031082122901
28.38854345104761,13.322733841537213,99.5092851292219
28.547405248475453,13.341957140376952,99.50982698295716
28.480188529784442,13.36187248639363,99.50982698295716
28.565003331269736,13.727953382945019,99.50403115555129
27.937076344334816,13.339555929844845,99.50113716319389
28.345011710934735,13.421402695731414,99.5092851292219
28.37274555020851,13.83570808209645,99.50348930181602
27.46657302913726,13.424775071583065,99.50023717503481
28.11360987938328,13.540144767927254,99.50348930181602
28.545371024761337,13.958883580802175,99.50403115555129
27.819379987192498,13.676512446981683,99.50113716319389
28.26281713262495,13.406512939016793,99.5092851292219
28.266252562724418,13.371750848476223,99.5092851292219
28.631399568755636,13.320661876402896,99.50982698295716
28.607708898827187,13.57103686349944,99.50403115555129
28.420621145874136,13.294813475985693,99.50982698295716
27.616635428516723,13.297260145268346,99.50023717503481
28.90212551898455,13.128340316312878,99.5103782659143
28.891577602416096,13.123395463881826,99.5103782659143
28.92156650979846,12.80559863300127,99.474017320374
28.68387943842789,13.15027194210374,99.50982698295716
27.96732140620905,12.924105448435004,99.46720428993946
28.665974386772906,11.438913372263315,99.39718781898023
28.448303374231653,13.155672480946743,99.50982698295716
28.85265174576906,13.282206600024812,99.5103782659143
28.854320150502897,13.494378595078032,99.50458243850842
29.074331663378977,13.266993161977515,99.50815660500544
28.85310997654698,13.623147362391554,99.50458243850842
28.163694077881875,11.00115234636855,99.35602083002813
28.481942366739656,13.26833045852497,99.50982698295716
28.758480192524566,13.045453683163219,99.51012214879538
29.122986135864736,13.056927945669033,99.50845177084366
28.938638509481166,13.016809716954574,99.48905728908505
28.750002901328664,13.448377555629477,99.50982698295716
28.566313736089274,12.692315079653964,99.47080339258953
28.06711320249181,13.336745524906666,99.5092851292219
28.68972641377478,13.208121600851236,99.50982698295716
28.463720560739205,12.850176085515082,99.47324199226298
29.01563449134009,13.56746235371479,99.50228587090366
28.847104424290933,12.970698113574636,99.48688706541178
28.727657539088902,13.152793728958867,99.50982698295716
28.614781900272863,13.133508684507138,99.50982698295716
29.116395318063134,13.307260544385588,99.50815660500544
28.42016779835968,13.194054045301776,99.50982698295716
28.15554848438748,13.462432483075666,99.50348930181602
27.856619114838225,13.378839836604868,99.50113716319389
28.609858363358885,13.054149785294081,99.51012214879538
28.933315072827625,13.039846592520426,99.51067343175251
28.907841650024228,13.02446764743139,99.48905728908505
29.162248383879007,12.790468628304842,99.47179565946517
28.48236388733824,13.260500648390218,99.50982698295716
28.235234070358327,12.917740586516137,99.47270013852774
28.797340902242563,13.076659596351861,99.51012214879538
28.778491627948252,13.05615788955128,99.51012214879538
26.05509061440834,13.05475772850844,99.50330097156086
28.7805031395709,12.943622684756594,99.48493651878086
28.978602901940754,13.131542748830238,99.50808169830955
28.784353107071386,12.635372019271042,99.46964212467968
28.584357470045614,12.837151869027325,99.47324199226298
29.02534362374294,13.038068894565559,99.50837686414775
28.62254920911533,13.224839337967097,99.50982698295716
28.336535030717357,13.372357787811731,99.5092851292219
28.87348606966137,13.515569283292647,99.50458243850842
29.25446431165778,13.082298614552359,99.50845177084366
28.557376561731086,12.975473543730345,99.46941406810755
28.707621093151207,13.191009560282671,99.50982698295716
28.03813383538333,13.31221890262155,99.5092851292219
32.656438860415236,13.41005141997638,99.49319197361461
28.27138181227778,12.894466884934994,99.47270013852774
28.919714428777652,13.084643091567733,99.51067343175251
28.878182426406987,13.11339733872562,99.5103782659143
28.974069115231508,13.139809360373976,99.50808169830955
29.12297319271603,12.74366494584208,99.47179565946517
28.838067056869832,13.100394735199213,99.51030672601222
28.82134967165929,12.990639638657953,99.46989381116262
29.00613128359713,13.083982927723824,99.50837686414775
29.203795195544657,13.19794612115698,99.50815660500544
26.514585266402673,12.887883011151914,99.46642081502847
28.739566539011246,13.102179513485549,99.50982698295716
28.91546547535151,12.974403202091331,99.48695860531384
28.44421732677953,13.222476631850677,99.50982698295716
28.554782912861803,13.26638844528395,99.50982698295716
28.787909537172126,13.04319915318068,99.51012214879538
29.316398653946212,13.053587060083109,99.50845177084366
28.77976256380189,13.146127367169145,99.50982698295716
28.655292235700635,13.004778435801356,99.48850600612792
28.885921396097324,12.812830393142955,99.474017320374
28.401635089488448,13.093265224833512,99.51012214879538
28.35213540521389,12.938517098568894,99.48439466504561
29.06387218648426,13.125743357152967,99.50815660500544
28.65937515949892,13.234710356251513,99.50982698295716
28.503553827206126,13.063738371331253,99.51012214879538
28.81699735476179,13.054322305655067,99.51060189185046
28.841202946231867,13.044614520284995,99.51060189185046
28.836904667222093,13.056425931860954,99.51060189185046
29.102799076893433,12.86129959108452,99.47157161431127
28.83877876209352,13.02757829379581,99.51060189185046
28.901218290094697,13.030072701993213,99.51067343175251
29.54616487985545,12.945446769060082,99.48326614082914
28.90616801500411,13.02707255783241,99.51067343175251
28.897734259284892,13.015292031582073,99.48905728908505
29.18313511475492,12.904139817330002,99.47157161431127
28.8150217766259,13.061939123031415,99.51060189185046
29.01218370306383,13.005459466996085,99.48676072148032
28.786824206189895,12.739375473373144,99.47346603741688
28.917824990897557,12.874850736468689,99.47379327522013
29.285057992577403,13.055583453514906,99.50845177084366
28.811423196880153,12.965051059781278,99.48688706541178
29.070126159270256,13.175875856700879,99.50815660500544
28.95438848699527,13.118225616964844,99.50808169830955
28.716702478796467,13.054107788098403,99.51012214879538
28.815933367417607,13.10475507007955,99.51030672601222
28.838625437355493,12.993518224901466,99.46989381116262
29.172554891480974,13.15838072250966,99.50815660500544
28.98999700650246,12.815740786276306,99.47349261945021
28.728770540086064,12.923624552842966,99.47324199226298
28.838993164099154,13.09850723315659,99.51030672601222
28.932647054395975,13.171138025386742,99.5103782659143
29.308054387787617,13.187720863780024,99.50815660500544
29.067373862682516,13.113403179850314,99.50815660500544
28.902030362439458,13.071109050239011,99.51067343175251
28.922893288586636,13.12870386923816,99.5103782659143
28.930215865714796,13.189723796787817,99.5103782659143
28.973826759079156,13.213124580844335,99.50808169830955
29.150017208637642,13.16466087652447,99.50815660500544
28.89836870715021,12.989822805775457,99.46996535106469
29.037653792110937,13.149494538792071,99.50808169830955
29.232215886619578,13.267722914021647,99.50815660500544
28.92319824343816,12.90113289427408,99.47379327522013
28.718962408544783,13.12350687043281,99.50982698295716
28.645176113676772,13.025558021172861,99.51012214879538
28.840357607426753,13.095811320565225,99.51030672601222
28.88361422514247,13.216591406670437,99.5103782659143
28.905689820887638,13.225080374524026,99.5103782659143
29.112716133336285,13.21613870493414,99.50815660500544
28.94630798597154,11.947296932143761,99.46868338777152
29.027147923570162,13.245181009903465,99.50808169830955
29.418839132819837,13.17683809894853,99.50815660500544
28.87462891067182,13.289152927954513,99.5103782659143
29.14508456853251,13.313926498204053,99.50815660500544
28.88736289753818,13.239213903288348,99.5103782659143
28.968158639834186,13.245200585819273,99.50808169830955
28.85605611590711,13.214526630328086,99.5103782659143
28.65631060772697,13.333840002763047,99.50982698295716
28.90775226321947,13.219304979042988,99.5103782659143
29.066596524190448,13.229475438144112,99.50815660500544
29.253083684047358,13.279292275415292,99.50815660500544
28.93855967284898,13.179672778358409,99.5103782659143
28.65617107018477,13.18340615967454,99.50982698295716
28.909752832462186,13.40789454933926,99.5103782659143
28.968524346991874,13.15918932986347,99.50808169830955
28.87986362334293,13.267650606116652,99.5103782659143
29.152417019127412,12.986958312227085,99.46774369015584
28.735350372781976,13.213655310533865,99.50982698295716
29.046954277850933,13.167458609505326,99.50808169830955
32.03895224895189,13.338533976666797,99.49535223797142
28.892335621123188,13.038595102724049,99.51067343175251
28.791012502892563,12.950503043040927,99.48493651878086
28.65107228400766,13.026504120621212,99.51012214879538
29.059151655133995,13.10478287925235,99.50815660500544
28.897782211373503,13.151709016965288,99.5103782659143
28.928334059648254,13.039297782053596,99.51067343175251
28.810518056611013,13.038636741487508,99.51060189185046
28.792628680797147,12.971614586066753,99.4864073223567
28.76608920954098,13.0140330345374,99.48850600612792
29.013562088330332,13.06364000709826,99.50837686414775
28.640517254606895,12.953910976299422,99.48493651878086
29.215931770676836,13.076903906723421,99.50845177084366
28.867091152592472,12.86920905949512,99.47379327522013
29.090223923361304,13.089066168742034,99.50845177084366
28.74905044164809,13.02906251673693,99.51012214879538
28.938860316983657,12.957064410393263,99.48695860531384
28.608486171250487,13.131734801185644,99.50982698295716
29.02635900699726,13.037691658928575,99.50837686414775
28.796362992218256,13.290172997278617,99.50982698295716
29.30314238326829,12.89679496261993,99.47157161431127
29.153252482646337,13.127097876575268,99.50815660500544
28.92904279874189,13.219243165848464,99.5103782659143
28.731980955536777,13.016757202538823,99.48850600612792
28.545466434382654,13.113734210824187,99.50982698295716
28.882041188777915,13.371564754310292,99.5103782659143
29.02012685305812,13.255150215037249,99.50808169830955
28.683101848970196,12.92382554391904,99.47324199226298
29.129178794825233,13.063458723658597,99.50845177084366
28.84540758578632,13.17346861568308,99.51030672601222
28.970780175987862,12.993346053818387,99.46766878345994
28.5714683194889,12.826716787327806,99.47523790409784
29.36794351063608,13.289156263710447,99.50815660500544
28.769223339944986,13.130783235096533,99.50982698295716
29.220079988487466,13.224053404064929,99.50815660500544
28.906791526684646,13.070215966677004,99.51067343175251
29.065930270970323,12.93572148484425,99.48326614082914
28.681094392794254,13.062033181319016,99.51012214879538
28.978081616516057,12.996914286678317,99.48676072148032
28.859594993276538,13.108274849008838,99.5103782659143
29.125598769451706,12.879084126520393,99.47157161431127
28.704024069299752,13.035665586938324,99.51012214879538
28.96228857555022,13.144532388019456,99.50808169830955
28.53939207400492,12.958099763093584,99.4864073223567
28.854045361969703,13.335900815477155,99.5103782659143
29.216022782046327,13.17270329555583,99.50815660500544
29.000355647280703,13.044461023162183,99.50837686414775
28.720944708696322,13.079502658569501,99.51012214879538
28.8259998449006,12.963928323101268,99.48688706541178
29.115269885490285,12.831035197598318,99.47157161431127
28.601830643990695,13.263571926961594,99.50982698295716
28.933249093791105,13.164857238239588,99.5103782659143
29.311216747628936,13.084843794884216,99.50845177084366
28.7763023625713,13.424918154359293,99.50982698295716
29.003656207847076,12.996825363861772,99.48676072148032
28.664168930282635,13.189220005294999,99.50982698295716
29.495658236498613,12.919188820431593,99.47157161431127
28.857051502958885,12.44940920467072,99.47518103994665
29.100770681442977,13.313649814194061,99.50815660500544
31.391759945256464,13.107316730910473,99.49799060365078
28.76557402585071,13.227281092164139,99.50982698295716
28.530776314477468,13.031395326240448,99.51012214879538
28.908699221753242,14.872306647671985,99.50458243850842
29.03727339195747,13.134153849630646,99.50808169830955
29.212644018994453,12.890099080912773,99.47157161431127
28.696812186527037,11.439942240032641,99.39718781898023
28.84534469538255,13.007763901468156,99.488985749183
29.002907081247724,12.755808355539079,99.47172075276927
28.607451373493042,13.360807518721282,99.50982698295716
28.440146123439202,13.250519866340131,99.50982698295716
29.132500838675707,13.094889095138868,99.50845177084366
28.900154011535886,13.185391665709979,99.5103782659143
28.753453075983856,12.963615234972771,99.4864073223567
29.3096758009606,13.075052227336549,99.50845177084366
28.990255425134304,13.153023590528585,99.50808169830955
28.849337526593473,13.284030027407445,99.51030672601222
29.126971794465828,13.00941265051968,99.48683562817621
28.653062444028347,12.84247574923672,99.47324199226298
28.782600652838873,13.100793257195026,99.50982698295716
28.968685903614915,13.188623530458745,99.50808169830955
28.475679277697342,12.929359283518657,99.48291935765344
29.066775281539552,13.037596062120889,99.50845177084366
28.887881242688977,13.269883924979407,99.5103782659143
28.68754014874513,13.471757460845494,99.50403115555129
27.054842636117044,13.13754640920909,99.50287991571996
29.21052706666723,13.208053800222089,99.50815660500544
28.817359702063214,13.336262994717256,99.51030672601222
29.411973782901686,13.036696558527511,99.50845177084366
28.551069761174276,12.952876825218246,99.48493651878086
28.980559736718426,13.093501968919059,99.50837686414775
28.738645575668897,13.394992452710937,99.50982698295716
29.07981500369151,13.15999044142547,99.50815660500544
28.918173110946658,13.241267947741656,99.5103782659143
29.226509535021123,12.878973214592998,99.47157161431127
28.623196823201727,13.014629913400821,99.48850600612792
28.824188185799002,13.089871771786173,99.51060189185046
28.760055989071642,12.949248528276517,99.48493651878086
29.04177355451969,13.069286140348169,99.50837686414775
28.52532780865944,13.121670663464116,99.50982698295716
28.823616671870283,13.004970290042632,99.488985749183
28.973913629491225,12.820499124036214,99.47349261945021
28.7127104257253,13.07333932834863,99.51012214879538
28.360631214961252,13.169126840129554,99.5092851292219
29.18017621579799,12.916658751704489,99.47157161431127
28.90134100975164,12.984708479974982,99.46996535106469
28.627809256071014,12.137587317325277,99.47100593301745
29.074240279591642,13.09903069611539,99.50815660500544
28.865187413326414,13.201346448061974,99.5103782659143
26.37139332795575,13.044605853917231,99.50330097156086
30.68440560877924,13.136073392158504,99.49981703565263
29.327503530632498,12.89111154795741,99.47157161431127
28.8051278922081,13.297620387266363,99.51030672601222
28.680844784375594,12.98932169002613,99.46941406810755
28.96597844333761,12.685485984697841,99.46905810794193
29.096687294516446,13.080299953208812,99.50845177084366
28.48063666757134,13.18907037834973,99.50982698295716
28.766156289939428,12.94315443648402,99.48493651878086
28.940869021990764,13.266767469188556,99.5103782659143
29.652897182358632,12.805111072699725,99.47179565946517
28.600370798998668,13.128000700752365,99.50982698295716
29.177522727789743,13.18820843444843,99.50815660500544
28.811580473395274,13.042242031266305,99.51060189185046
28.736576756830477,13.015564938375187,99.48850600612792
29.037095378176964,13.058777901780898,99.50837686414775
28.847334488986935,12.900659825294095,99.47372173531807
28.509654543605013,12.97837328311685,99.46941406810755
28.68135346178314,13.066738200363512,99.51012214879538
28.969028681270476,13.12300315589311,99.50808169830955
29.236463274058167,12.990677016612763,99.46774369015584
32.944036698661975,12.857218999008031,99.46630622265162
28.817384747123604,13.0661838873516,99.51060189185046
28.35215751278467,12.928077664849875,99.48237750391817
28.627032041757047,12.776480557957154,99.47346603741688
28.74855078036453,13.031634176843392,99.51012214879538
28.877379263720364,13.097105068817267,99.5103782659143
29.059766185958985,12.99917612872259,99.48683562817621
28.814689800256733,13.143971515491824,99.51030672601222
28.607877970572204,12.939303617584493,99.48493651878086
29.105833501863955,13.049650094655798,99.50845177084366
28.9579347664012,13.130606507836253,99.50808169830955
30.447265448953704,12.85116087735195,99.47293128468964
29.45491450205222,13.050499176399969,99.50845177084366
28.775113209923894,12.937156854232597,99.48493651878086
28.467152844054482,13.195339739605288,99.50982698295716
29.295696547398975,13.07444589415197,99.50845177084366
29.00398376396485,12.992348154153353,99.46766878345994
28.681044750904586,13.14268467059815,99.50982698295716
28.861082176470873,13.217311132040166,99.5103782659143
29.123649868402573,13.03732413789286,99.50845177084366
28.79049858858908,12.899184200327483,99.47324199226298
28.95994394657958,13.104017196714981,99.50808169830955
28.552509686940287,12.975457827808833,99.46941406810755
28.70807813772819,13.178408208036318,99.50982698295716
28.885041211038672,13.077790655423582,99.51067343175251
29.87474105225496,13.013833528384493,99.48311180707141
29.169941429340252,12.901396354052341,99.47157161431127
29.019650474594513,12.75756372466451,99.47172075276927
28.82396886715322,13.088068417944543,99.51060189185046
28.636136583767772,13.072062477648466,99.51012214879538
28.808031154082684,12.963077500440518,99.48688706541178
28.466445202444493,12.830805218296849,99.47324199226298
28.739483420124603,13.089095733549765,99.51012214879538
28.881553576939307,12.989139344543371,99.46996535106469
28.275911141227958,13.12556247450473,99.5092851292219
28.5954759643697,13.038752085277357,99.51012214879538
29.07756980547395,12.86869179133421,99.47157161431127
28.89930390903848,14.4039434501951,99.50458243850842
28.751022866168448,14.097097778966695,99.50403115555129
29.348078467865015,12.966872221728583,99.48473694440499
28.998077553598424,13.115606543706992,99.50808169830955
29.158384881751953,13.03560224702591,99.50845177084366
28.5620684473196,12.934228918363665,99.48493651878086
28.834479001115415,13.149342997506649,99.51030672601222
28.64890293121976,13.073647365415356,99.51012214879538
28.95998562377749,13.260818325628044,99.50808169830955
28.437905615712143,13.022002180932342,99.48850600612792
28.781597958970455,12.90780759340708,99.47324199226298
29.228083261777225,13.196778055296278,99.50815660500544
29.051559924123367,13.133678019789297,99.50815660500544
28.873422627312415,12.98728695874571,99.46996535106469
28.72069599884977,13.07277301001198,99.51012214879538
28.978133615209067,13.147739776092562,99.50808169830955
28.643553639637908,12.829814877039308,99.47523790409784
29.143817066568758,12.956083111183933,99.48473694440499
28.867355499720645,13.261980817113738,99.5103782659143
28.772076607680965,13.058600429416698,99.51012214879538
29.03645599602302,13.195695809700903,99.50808169830955
28.562572397004566,13.097437077598586,99.50982698295716
31.917151362449864,12.905791844828128,99.4684664870084
28.901586458112615,13.344506064456723,99.5103782659143
29.25857351508127,13.014392295386338,99.48683562817621
28.698750819693604,13.148357542112757,99.50982698295716
28.379973578974436,13.002448575227671,99.48796415239269
29.079584705052547,13.236604391717801,99.50815660500544
28.84859249859653,13.072826714710882,99.51060189185046
28.80802546542578,12.727509043441964,99.47394578047195
28.521722474126413,12.910921438916963,99.47324199226298
28.690823856017936,13.05551616005524,99.51012214879538
28.949481628962513,12.959580868123647,99.48695860531384
28.801625806503303,12.840961041861382,99.47372173531807
29.543067633746187,13.079000764593252,99.50845177084366
29.068883371639146,13.002113851448325,99.48683562817621
28.641112593046888,13.158326608939241,99.50982698295716
30.986134458110122,13.087187995049119,99.50006956874245
28.877940777152695,12.938398007292983,99.48548780173799
29.198149998427454,13.302207567198307,99.50815660500544
28.966029881522307,13.188768461664917,99.50808169830955
28.756689824515465,13.006085852080442,99.48850600612792
28.489517716840766,13.082594774258686,99.51012214879538
29.3794356496559,12.79074244223886,99.47179565946517
28.84978535292809,13.146586238649421,99.51030672601222
28.198928752494457,12.88741931041729,99.47270013852774
29.03432972037688,13.238090370948076,99.50808169830955
28.657112168103588,13.013695579911975,99.48850600612792
28.934270686454212,13.094771313233542,99.51067343175251
29.150460825685453,12.973484143473653,99.48473694440499
28.78385985956306,13.061387821165194,99.51012214879538
28.55901976133164,12.853869566868115,99.47324199226298
28.918900421099927,11.772253029813548,99.46850958090364
28.709054179110993,13.098603150851394,99.50982698295716
28.41190569694533,12.93890304364641,99.48493651878086
29.052776718475695,13.006724030207874,99.48683562817621
28.873151873067133,13.130977366326826,99.5103782659143
29.228910769989543,12.625886761226061,99.46797174672797
28.7607522306586,13.042666107138565,99.51012214879538
28.98716232037884,12.926319279540744,99.48117407300582
28.59302291123485,11.095847413580433,99.35656268376337
28.8560364352343,13.193055169164227,99.5103782659143
29.063308189585644,13.094657102547135,99.50845177084366
28.70186651770125,13.008642351072236,99.48850600612792
28.951147864600472,13.268166498970865,99.50808169830955
29.130991405416626,12.876868118110798,99.47157161431127
29.323143094500335,14.543871668649647,99.50236077759955
28.783979818374174,13.13484702665905,99.50982698295716
28.517091808776875,13.03151546990925,99.51012214879538
28.878356642292168,12.960248749461606,99.48695860531384
28.64288736263442,13.189293245677991,99.50982698295716
29.00396826768303,12.78547486079313,99.47172075276927
28.801481452277322,13.080271441953922,99.51060189185046
28.3313069234251,13.062447480081566,99.50958029506013
28.71982518094853,12.913561912498269,99.47324199226298
28.565722559053487,13.111021319500074,99.50982698295716
28.821579723103312,12.980335686033342,99.46989381116262
29.12223680234607,13.224373016109627,99.50815660500544
28.97439889766231,13.052561442453067,99.50837686414775
28.76717992122272,13.37934608133886,99.50982698295716
28.599547153970335,13.131471192905163,99.50982698295716
28.882978976851827,12.87277284240914,99.47379327522013
29.19770060133246,12.980120118793826,99.46774369015584
28.69861603885862,13.282725796970173,99.50982698295716
28.443670147349028,13.05495511345394,99.51012214879538
28.994750383787217,13.193488520507561,99.50808169830955
28.838021214978212,12.96896195112654,99.48688706541178
29.088851959089965,13.115352497914701,99.50815660500544
29.289070514459695,13.048581186071099,99.50845177084366
28.91801204131561,12.831458760829252,99.47379327522013
30.12831929052799,13.167650571882193,99.49981703565263
28.680073130094268,12.925428086095947,99.48291935765344
28.791354965105594,13.038316179433965,99.51012214879538
28.99641210997002,13.336837288993491,99.50808169830955
28.5376200663436,13.241216757370173,99.50982698295716
28.882525667103312,13.122234947731757,99.5103782659143
28.676852407741514,12.96964535752098,99.4864073223567
29.151441800390433,13.097415081966092,99.50815660500544
29.02166242986718,12.885574849739509,99.47149670761537
28.7971946504182,13.168237474824254,99.50982698295716
28.323001381031816,13.026409714929855,99.50958029506013
28.93090492685679,12.944090117312392,99.48548780173799
28.640438232022085,13.207906891197291,99.50982698295716
29.128641598860398,13.095037477553578,99.50815660500544
29.376067918012385,12.744770540717184,99.47179565946517
28.77327599514383,13.03149447354373,99.51012214879538
28.464071205470294,13.143218135099723,99.50982698295716
28.908411087575924,13.284305313919736,99.5103782659143
29.015006962289117,12.950188786467749,99.48319123413324
28.601437157616505,12.84720698705779,99.47324199226298
28.75668217370856,13.03417295256571,99.51012214879538
29.250420394456654,13.214410234269037,99.50815660500544
28.84038132168594,13.104069303131194,99.51030672601222
29.067904250741567,12.982590158145943,99.46774369015584
28.93304691399403,11.448540680483916,99.41470494626192
28.684485506941254,13.08397103145474,99.51012214879538
28.521261365857832,12.904405979341654,99.47324199226298
29.477633025450295,13.320545367187153,99.50815660500544
29.16844686154767,13.160388270893856,99.50815660500544
28.813662294779153,13.016337796164986,99.488985749183
28.980250950982647,13.962625315047939,99.50228587090366
28.69504607208151,13.2224022148683,99.50982698295716
28.864424569751943,13.074822513185646,99.51067343175251
29.106815405241626,12.98807562866252,99.46774369015584
28.877026863902532,13.071848799804986,99.51067343175251
28.85615832377825,12.899508406750638,99.47379327522013
28.58015699128756,13.059470895023155,99.51012214879538
28.978656324817877,12.824257096252305,99.47349261945021
28.77219297965329,12.965196776558255,99.4864073223567
28.685266664374726,13.069460971270695,99.51012214879538
26.864474334927984,13.020968060111954,99.4816848288934
27.323499496375643,13.121588678498776,99.50161806841594
28.419286470290118,12.928062327130014,99.48291935765344
29.073623180948893,13.065604122791738,99.50845177084366
29.25925218885484,12.794831283102775,99.47179565946517
28.911134868790114,13.14884770205121,99.5103782659143
28.83501741046894,12.972077316945239,99.48688706541178
28.61438274699443,12.894651420733519,99.47324199226298
27.61483387223833,13.021499396710182,99.47891619820561
29.01773768119562,14.23311633337603,99.50228587090366
28.75803991999257,13.138836041191004,99.50982698295716
28.930824943374127,13.074325694238308,99.51067343175251
29.20467788515501,14.974330245624433,99.50236077759955
28.932946417923123,12.992953565916892,99.46996535106469
29.09327939842079,12.701047636394797,99.47179565946517
28.53520781281201,12.872128957508828,99.47324199226298
28.7536787783036,13.062904332205738,99.51012214879538
28.192968350888226,13.080011298402617,99.50958029506013
28.900918004621403,12.946757478874186,99.48548780173799
28.67473405276948,13.203913776297279,99.50982698295716
29.040543239330795,13.005277340315594,99.48676072148032
29.366464420445364,13.111460065004076,99.50815660500544
28.8277983037204,12.929000729417393,99.4833991007085
29.16217996232593,13.16489367641498,99.50815660500544
28.94762041310082,13.044902255923802,99.51067343175251
29.291724548512377,12.858170923057589,99.47157161431127
28.988718662455284,12.99880608658536,99.48676072148032
29.16380051806201,12.812046731235718,99.47179565946517
28.947306940634167,13.023518104982424,99.48905728908505
29.05634469245831,12.26931341303284,99.4729593790378
28.63246829455007,12.938341394285759,99.48493651878086
28.870041562603088,13.105106354389632,99.5103782659143
28.741183944268432,13.172959664128678,99.50982698295716
28.405410452998304,13.040748000651885,99.51012214879538
28.94918101827611,12.9229266224541,99.47379327522013
29.21401834789971,13.214813239753745,99.50815660500544
29.06642495514814,13.1020932127447,99.50815660500544
29.572947990332032,12.99021310487877,99.46774369015584
28.820180211624002,13.07241309298261,99.51060189185046
28.579582012990684,12.864832366279296,99.47324199226298
29.71365128119477,13.15831808287124,99.50443278390064
28.706865852414133,12.971691665752424,99.4864073223567
28.94304037470303,11.30002752631624,99.39560035449243
28.86958658598781,13.046490483045936,99.51067343175251
29.083254135068113,12.903631868486217,99.47157161431127
29.435608221554837,13.017706132277663,99.48683562817621
28.501853362243153,13.258526072548278,99.50982698295716
28.937898560822486,12.790638134500337,99.474017320374
28.723650617754338,13.15094943006216,99.50982698295716
29.274318137212735,13.02637454859711,99.50845177084366
29.050990384750584,12.946201966431154,99.48326614082914
28.824990352487404,13.10297641364385,99.51030672601222
28.609465535133822,13.212906529676367,99.50982698295716
32.2217608450387,13.047387655657808,99.49564740380961
28.895451804322054,12.871032897482861,99.47379327522013
29.144346792624717,12.966198604588675,99.48473694440499
28.740135382652593,13.140546479971572,99.50982698295716
28.996528170696156,13.062127536127662,99.50837686414775
28.31904791920416,12.96539423897239,99.48586546862145
28.8355069233125,13.252175161131346,99.51030672601222
28.627842486800333,12.767652571406414,99.47346603741688
29.16050886057983,13.158604608168643,99.50815660500544
28.984285108495968,13.043460091062851,99.50837686414775
28.488110701896193,12.888050213888175,99.47324199226298
28.75238506015277,13.107323619950899,99.50982698295716
28.888594202320135,12.964797602653201,99.48695860531384
29.021336447470812,13.187259020013489,99.50808169830955
26.197287635836638,13.028513347140127,99.50330097156086
29.30934229554248,13.110352428619715,99.50815660500544
28.674590670301086,13.000011544021215,99.48850600612792
28.826409347000965,13.280168326781117,99.51030672601222
29.114113148674555,12.855092476684785,99.47157161431127
31.438514587955893,12.521257368623125,99.47291429602811
28.89261862574782,13.086681968430522,99.51067343175251
28.951071795421615,13.19057954969589,99.50808169830955
29.119946060604676,12.946253352105687,99.48326614082914
28.704012970247433,13.071167388299449,99.51012214879538
29.246577330748796,13.137078867323412,99.50815660500544
28.935568503362056,13.015216035896328,99.48905728908505
28.557868824821334,12.911198622283813,99.47324199226298
29.03779693563227,13.249746059580156,99.50808169830955
28.81695083601391,13.052417309824705,99.51060189185046
28.909985974399103,13.14777619056009,99.5103782659143
28.686101079150855,12.984011844438461,99.46941406810755
29.398885808903124,12.682148890785408,99.46913301463783
29.175471395576622,12.803143046571284,99.47179565946517
28.810913613813455,13.080860324612207,99.51060189185046
29.038552682520294,12.916241589573216,99.47149670761537
28.428281897058717,13.232544457238879,99.50982698295716
28.66758666445455,13.130440667796224,99.50982698295716
28.87819614075926,12.99260379768725,99.46996535106469
29.06030218814229,13.333567653414171,99.50815660500544
28.772876550837076,13.058204433410236,99.51012214879538
28.544106208308193,13.177023069429001,99.50982698295716
28.947213127983566,12.874067565889963,99.47379327522013
29.18237679441648,12.966515809978512,99.48473694440499
28.753791973144505,13.089105170598552,99.51012214879538
28.95836487960595,13.199011769684155,99.50808169830955
28.59281354030291,13.022173438849757,99.48850600612792
29.304907695612528,12.92905989332404,99.48124897970172
28.86684671888576,13.115601297017287,99.5103782659143
29.04964344608378,13.033293882593824,99.50837686414775
28.706055907430102,12.84217626345468,99.47324199226298
28.048732358439988,13.1703598194101,99.5092851292219
28.897151050347418,13.262717669948417,99.5103782659143
29.135480765135974,12.964753629869543,99.48473694440499
28.37372874963707,13.09214766336353,99.50958029506013
28.794900279166992,13.016971919937115,99.48850600612792
28.566070272127718,12.9063618561143,99.47324199226298
29.031938553628947,13.134720463307461,99.50808169830955
28.679151319817407,13.068954336853126,99.51012214879538
28.91374641800253,13.212389425642431,99.5103782659143
29.17457054830106,14.73578240444264,99.50236077759955
28.802283881181033,12.746422834714876,99.47394578047195
28.987767952195803,13.008026688994468,99.48676072148032
28.4649629004086,13.331040391082377,99.50982698295716
29.274191387031692,12.933138239881163,99.48326614082914
28.656830464480066,13.124012954230704,99.50982698295716
28.841769515458182,13.027742277262186,99.51060189185046
29.018987822756227,12.834622253465367,99.47149670761537
28.752987480334326,13.193571352322904,99.50982698295716
28.92347731089827,13.08466131341326,99.51067343175251
29.15381270302093,13.260940160751467,99.50815660500544
29.409025138981754,13.121350047517119,99.50815660500544
28.974676606352435,12.957050799384696,99.48466203770907
29.092933414038015,13.064995102664168,99.50845177084366
32.621460372923934,13.176245495036808,99.49319197361461
28.917418751058623,12.977422778529515,99.46996535106469
31.668554610703396,12.906462356044958,99.47071006775171
29.20757754932048,13.110529194837076,99.50815660500544
28.613532326904203,13.032877744257695,99.51012214879538
28.90848817761319,13.281889094221018,99.5103782659143
29.061706699603327,13.186938435304778,99.50815660500544
28.766441739082573,13.407476812052405,99.50982698295716
29.52363351660032,12.860155084651582,99.47157161431127
28.879145009124674,12.99697298509176,99.48905728908505
29.014817097380277,13.101748872920723,99.50808169830955
29.28539418775521,13.047995682751774,99.50845177084366
28.729264557242463,12.94389630728714,99.48493651878086
28.47654660801963,13.17660977198822,99.50982698295716
29.102701783960157,13.070904612351942,99.50845177084366
28.853228038659342,13.24173772930891,99.5103782659143
28.61552333361361,12.992097301192771,99.46941406810755
28.966634609826556,12.807216947924765,99.47172075276927
28.7420745556822,13.115015068991006,99.50982698295716
29.207128434748263,12.903676862542868,99.47157161431127
28.867679978160094,13.156415518670087,99.5103782659143
29.038023035767402,13.010371636154446,99.48676072148032
28.299667950577216,13.325954986205057,99.5092851292219
28.698866128849488,13.073581993289187,99.51012214879538
28.547024902125955,12.957949569752286,99.4864073223567
28.87544182682411,13.201793039440636,99.5103782659143
29.09651755188436,13.123299811033972,99.50815660500544
28.77638938395183,13.021276651392373,99.48850600612792
28.954692587988117,12.87681970687266,99.47149670761537
29.336546793256897,13.073464188066188,99.50845177084366
29.982506996895633,12.938344560706463,99.4806116064793
28.57464162440177,13.247889146636581,99.50982698295716
28.96146761951601,13.15301511599335,99.50808169830955
28.77029640007266,13.031846203085525,99.51012214879538
29.14238060542359,12.781358735902042,99.47179565946517
28.66396498148316,12.972455521892472,99.4864073223567
28.887363960167068,13.10692133943203,99.5103782659143
29.054156955649894,13.221912021252226,99.50815660500544
28.80405535530416,12.866970850165329,99.47372173531807
29.244251030705776,13.03907650345136,99.50845177084366
28.67445753624722,13.143830052006866,99.50982698295716
28.967848079400127,12.949694659570376,99.48319123413324
28.516479006961394,11.78278843173014,99.46795829794651
28.823347542493472,13.06747840166717,99.51060189185046
29.119388718946038,12.989949034558991,99.46774369015584
28.928980612399783,13.188088609621493,99.5103782659143
28.699806158753976,13.275919790576463,99.50982698295716
28.40545286653831,13.105705902301372,99.50982698295716
29.06316397731274,12.926549862966937,99.48124897970172
28.837465047462608,13.025191052661306,99.51060189185046
28.603661459159845,12.862389598996492,99.47324199226298
28.963853793870506,13.144215487283525,99.50808169830955
29.22774466465423,13.341701561409238,99.50815660500544
28.744319249635712,13.036977205209476,99.51012214879538
29.43279963347891,13.21058119682306,99.50815660500544
29.00423183608169,13.107340946076338,99.50808169830955
28.8518429738855,12.956120081789571,99.48695860531384
29.13903476610237,13.072567139908662,99.50845177084366
28.67256469841368,12.991283766100791,99.46941406810755
28.896733483118627,12.88204403844445,99.47379327522013
28.557331980244996,13.186108233294036,99.50982698295716
28.77528855052889,12.733374436261697,99.47346603741688
29.030228633029534,13.096109159654619,99.50808169830955
29.254259954105898,13.272434792903056,99.50815660500544
28.88305665916714,13.002706023482885,99.48905728908505
28.66562625070061,12.818559295621615,99.47523790409784
28.461716621171107,12.934355031188712,99.48493651878086
27.866138171481854,13.159289950270074,99.50113716319389
27.16238680788335,13.062499700426056,99.50191323425418
29.027331560023377,13.148967559460477,99.50808169830955
28.795211298434626,13.021029646118045,99.48850600612792
29.160535353234135,12.911317249334632,99.47157161431127
28.920732082030504,13.08461908080855,99.51067343175251
28.977402615167442,13.406954635800169,99.50808169830955
29.36498778300881,13.194810580660018,99.50815660500544
29.059212099234543,13.271116623628846,99.50815660500544
29.193563591117247,13.098190352105817,99.50815660500544
28.22405999415519,13.117853466904137,99.5092851292219
31.139621624263224,12.994245968454813,99.46533690668097
28.909460908013774,13.212582150755516,99.5103782659143
28.755101415730376,13.076997271707047,99.51012214879538
28.94678705312936,12.951869726573756,99.48548780173799
29.10943030090564,13.130545716338588,99.50815660500544
28.835745528698432,13.290048501364783,99.51030672601222
28.599379051800017,13.022541116297258,99.48850600612792
29.315819755464737,12.838449890983998,99.47157161431127
29.63182636682926,13.189177318825228,99.50815660500544
29.01056056671753,13.054172806812273,99.50837686414775
28.697087995068628,12.912426762199118,99.47324199226298
28.91156012900677,13.773172125880492,99.50458243850842
29.161900234804037,12.97742616657155,99.46774369015584
28.785136590777658,13.119055238004572,99.50982698295716
29.06094268457561,13.202914786666046,99.50815660500544
30.443908298770786,13.02458089185507,99.48447147744974
28.585094087482965,13.324871474524652,99.50982698295716
28.896815793877938,13.091649344757695,99.51067343175251
28.966128629621895,12.936304811592658,99.48319123413324
29.164338932022403,13.153212185492848,99.50815660500544
28.89499703467584,13.063588755180291,99.51067343175251
29.31862984634268,13.229802288113769,99.50815660500544
29.060512269270863,13.09782790056467,99.50815660500544
28.91546774100045,13.04488290013142,99.51067343175251
29.162094514758294,12.987080762436722,99.46774369015584
28.95173358476197,12.784480327493625,99.47172075276927
29.27192597720957,12.891557023731915,99.47157161431127
29.786751169797416,13.068743760182707,99.4987525311125
29.059339906727626,13.120810160371526,99.50815660500544
28.898674175719357,13.00440438493268,99.48905728908505
29.462718265718337,13.248486534322339,99.50815660500544
28.993268754954094,12.651705393301096,99.46905810794193
28.845689400681575,13.174645700462154,99.51030672601222
29.2274183209517,11.984823574598737,99.46646172686266
29.077162474834477,12.894289263136033,99.47157161431127
28.779992371388165,13.047544026583282,99.51012214879538
28.901552678794022,12.970825819469193,99.48695860531384
28.712660975728518,13.356375790473216,99.50982698295716
28.982962814199066,13.152379604864336,99.50808169830955
29.14398915842438,13.060118483060677,99.50845177084366
28.870950302710668,12.961006014089634,99.48695860531384
28.666629679064567,13.246565615623055,99.50982698295716
29.060471023367615,13.123382957574494,99.50815660500544
26.726162339403725,12.811519570898211,99.46664486018234
29.301790336294353,13.035793254222982,99.50845177084366
28.76041560513546,12.888523461858997,99.47324199226298
28.933343770271396,11.54070924695748,99.36580353606878
28.827421311392317,13.182668179503759,99.51030672601222
29.107969462743302,13.077151879350017,99.50845177084366
28.446361560217245,13.018592262069022,99.48850600612792
28.66523809720519,12.939172357721686,99.48493651878086
28.968333080080825,13.154639158781714,99.50808169830955
29.214033160574925,13.262690755795951,99.50815660500544
29.421515325442194,13.091134719898053,99.50845177084366
28.846890963306144,12.985901623188466,99.46989381116262
29.010289030999914,12.857368690694742,99.47149670761537
28.5648486878503,13.102215967568037,99.50982698295716
28.76092525526361,12.995777586576159,99.48850600612792
28.936204952162484,13.181849987305673,99.5103782659143
29.168792856467928,13.301896821635939,99.50815660500544
28.698020818802313,13.461794664497917,99.50403115555129
28.857693127340408,12.9301301587624,99.48548780173799
29.05317498654147,13.854953557014271,99.50236077759955
28.600070726784995,13.055340568084295,99.51012214879538
28.927484807650988,13.152633021107498,99.5103782659143
28.777212486387537,13.052914874063264,99.51012214879538
29.107640748072107,12.7350300104362,99.47179565946517
29.304241513711613,13.228857563515337,99.50815660500544
28.45694783874239,12.973539846111406,99.4864073223567
28.990150183237045,13.129302100219338,99.50808169830955
28.757304379837702,12.887626197914729,99.47324199226298
28.86289138562672,13.030822167282604,99.51067343175251
29.166605049042975,13.074183927854193,99.50845177084366
28.937369626846177,12.982842898927492,99.46996535106469
28.64717101874649,13.216720974947416,99.50982698295716
28.851363903123623,13.119965475464326,99.5103782659143
28.988873884373152,13.029366617484666,99.50837686414775
29.065982729835802,12.911165367366932,99.47157161431127
29.254618931851944,14.577970643773082,99.50236077759955
28.724230178951622,12.837133426961142,99.47324199226298
28.87206386045059,13.33730758426306,99.5103782659143
29.08253389258329,13.17845473868301,99.50815660500544
28.575610567868416,13.0862320816197,99.51012214879538
28.80518620745908,12.98153923412833,99.46989381116262
29.51324333374638,13.129471778339521,99.50815660500544
28.932092459646114,13.034842497100977,99.51067343175251
29.372140608130433,12.920913532267914,99.47157161431127
29.21978215115277,13.02875374755528,99.50845177084366
29.027167319962672,12.798866478126568,99.47172075276927
28.944120728194754,13.237185128688903,99.5103782659143
29.1513327598298,12.970130324554582,99.48473694440499
28.871735990937008,13.074353450948747,99.51067343175251
29.001020440859545,13.154688000287814,99.50808169830955
28.869905767818775,13.063978191062949,99.51067343175251
29.194397803308362,13.268150098288015,99.50815660500544
29.081284034885844,13.097612836055601,99.50815660500544
28.90901850069844,13.05766309611949,99.51067343175251
28.730186725847005,13.194596771210655,99.50982698295716
29.3106060571459,12.992516764495717,99.46774369015584
28.89620357219102,13.098047339133375,99.5103782659143
29.09906903764434,12.87445085244993,99.47157161431127
28.798990604383068,13.388472302505944,99.50982698295716
28.99413528868548,13.161297408383092,99.50808169830955
28.633809383328824,13.026816973282747,99.51012214879538
28.862695290117433,14.407244465543101,99.50458243850842
29.138746442811506,12.940970727219314,99.48326614082914
28.715018212182777,13.241406603521956,99.50982698295716
28.97034909518245,13.117390682541412,99.50808169830955
32.95000419271336,13.042689027998465,99.49348713945285
29.24403866129713,12.942584028583996,99.48326614082914
28.323071100383242,13.178588513289343,99.5092851292219
28.844851921045272,13.308829285440671,99.51030672601222
29.06112365341493,13.077869809575708,99.50845177084366
28.536340469406916,12.855606240493865,99.47324199226298
28.705195903745434,13.022840396281833,99.48850600612792
28.95516131968555,13.137971679226894,99.50808169830955
30.23876242110482,12.963877376254882,99.48237279367851
29.467145183527492,13.219822657274154,99.50815660500544
28.819709763182313,13.072861597882813,99.51060189185046
29.095570574571195,12.916567779821783,99.47157161431127
28.957373052355898,13.003697075055587,99.48676072148032
29.29768335495876,13.147838042640613,99.50815660500544
28.687104359487506,13.075721599594752,99.51012214879538
28.857237928974968,13.293510531946259,99.5103782659143
29.164459772417842,13.000237229190951,99.48683562817621
29.00807130201133,12.785722214367981,99.47172075276927
28.52456327091432,14.87316402651847,99.50403115555129
28.751583309635407,13.216292881969846,99.50982698295716
28.89425236319607,13.112543653865208,99.5103782659143
29.09460983108288,12.910561584052454,99.47157161431127
28.678863663191404,13.570989621051275,99.50403115555129
28.858090737116836,13.013260874708932,99.48905728908505
29.386013116440584,13.179199207799558,99.50815660500544
29.00054207234174,12.39954720008625,99.47288447234193
28.773428293127616,13.072127641778449,99.51012214879538
29.207095115268576,12.833678533933545,99.47157161431127
28.56176772038722,12.965234194272211,99.4864073223567
28.922830233543657,13.1406615636168,99.5103782659143
29.05450521448243,13.05993652553305,99.50845177084366
28.44841812124368,12.915294353608509,99.47324199226298
28.652536778193692,13.221090621275522,99.50982698295716
28.811317441381085,13.002145083662203,99.488985749183
29.151454722291277,12.22841755840418,99.47007505822641
28.93474206087069,13.117784738369991,99.5103782659143
28.772202141841692,13.271059987949572,99.50982698295716
29.02254199876395,13.04640527143051,99.50837686414775
30.787706467941685,12.857728496837336,99.47293128468964
29.220171594345025,13.154728649470135,99.50815660500544
28.63085483560753,12.955305541623543,99.4864073223567
28.90299075667901,13.068908682653706,99.51067343175251
28.13584377609998,12.988137337730056,99.4688722143723
29.049725159650038,12.71091863888199,99.47172075276927
28.81393806509117,11.25645853625289,99.39552881459035
27.498209087451887,13.181812052433482,99.50023717503481
29.588048461077083,13.328126739872708,99.50815660500544
29.32715434637855,13.103424319576808,99.50815660500544
28.695690800039934,12.889373738360073,99.47324199226298
28.915373649755168,13.00724583601242,99.48905728908505
29.09430071176504,13.160294533328704,99.50815660500544
28.791834091871213,12.936477859696543,99.48493651878086
28.525512028653484,13.081397115365256,99.51012214879538
28.94330798209737,13.22875752209055,99.5103782659143
28.345948272788174,11.004341911704294,99.35602083002813
29.21120489125248,13.020724165942019,99.48683562817621
28.672982221818764,13.118962754144114,99.50982698295716
28.999967237760483,12.823563090830834,99.47349261945021
28.838756384091074,12.949535024812567,99.48541626183591
29.084718935828526,13.048958503425734,99.50845177084366
28.764473615536648,13.21970493706857,99.50982698295716
28.90591320656741,13.12322730537516,99.5103782659143
28.602329481837362,12.982440480534251,99.46941406810755
29.20868605613946,12.873684029838207,99.47157161431127
29.02941015159009,13.300824613043435,99.50808169830955
29.390117961743744,13.055483716373928,99.50845177084366
28.78661589156914,13.169424907807977,99.50982698295716
28.95636803918455,12.936204432799581,99.48319123413324
29.10689156825002,13.098541022069602,99.50815660500544
28.445637080443507,13.019063167265722,99.48850600612792
28.705599514558816,13.409286541705614,99.50982698295716
28.85208816783844,13.207217709617614,99.5103782659143
26.01352236212547,13.140932351746649,99.50300580572262
28.619169951788052,13.025192500494715,99.51012214879538
28.95352873933967,12.757616174863296,99.47172075276927
29.22009298024504,12.881762811356948,99.47157161431127
28.842373261887428,13.08911241193977,99.51060189185046
29.127564214738175,12.605133998707572,99.46797174672797
28.981041954812508,13.264145842035415,99.50808169830955
28.698533020908325,12.986654516084844,99.46941406810755
28.830858323289135,12.937145648859932,99.48541626183591
28.566336321678705,13.11064201449862,99.50982698295716
29.059905108120795,13.193475211300305,99.50815660500544
29.319084444838666,13.030002794850702,99.50845177084366
28.92050440428631,13.094233849155856,99.51067343175251
28.753771773232106,12.954374310745806,99.48493651878086
29.061103722882585,13.334472825273767,99.50815660500544
28.89398821346053,12.821813966397512,99.47578918705497
28.659317503811323,13.181160674064545,99.50982698295716
29.201721070061627,13.038276451015614,99.50845177084366
28.772315233253142,12.920354032215041,99.47324199226298
29.00777564209074,13.130190558625774,99.50808169830955
28.471569039473522,13.25696742504015,99.50982698295716
28.899748397717236,13.01813577014448,99.48905728908505
32.61299480846334,13.163863170626248,99.49319197361461
29.161967952665503,13.062054098262827,99.50845177084366
28.738780251763743,12.952742311266892,99.48493651878086
29.004880224990202,12.854745272368108,99.47149670761537
28.583636010734704,13.090611530185083,99.51012214879538
28.858493195973978,12.98694895608546,99.46996535106469
29.358622505163822,13.199886573066978,99.50815660500544
29.0523343033107,13.064104449470559,99.50845177084366
28.74376585005125,13.262663796527425,99.50982698295716
28.905678694801516,13.15283959648383,99.5103782659143
29.196847502221473,12.909386007328225,99.47157161431127
28.650181873090425,13.002380337319146,99.48850600612792
28.990745807314923,13.100287702688059,99.50808169830955
28.353167409864174,12.998189870782488,99.48796415239269
28.81481210315375,12.894818380379343,99.47372173531807
29.11667380497202,13.376621824409975,99.50815660500544
28.930352154916676,13.146163838485315,99.5103782659143
28.49747599874066,13.235924463607668,99.50982698295716
29.284106842597193,13.049013747460625,99.50845177084366
28.75016044937842,14.279761201249254,99.50403115555129
29.086552302624057,12.767657794438332,99.47179565946517
28.871021516313835,12.954697187904284,99.48548780173799
28.626568391477075,14.15332187177879,99.50403115555129
28.96764599382338,13.10029068074773,99.50808169830955
28.77608327006734,13.173726481842483,99.50982698295716
29.08928270566287,13.036074675304647,99.50845177084366
29.558103950482867,12.880534276894101,99.47157161431127
28.874807013345364,11.598522266824105,99.43530537939142
28.658895984114107,13.301495461424919,99.50982698295716
29.2298816576295,12.982697207340625,99.46774369015584
28.997570309695845,13.095439244589251,99.50808169830955
28.802703401389476,13.214595556049073,99.51030672601222
28.535180871199298,13.058670815462781,99.51012214879538
29.127670040742156,13.132644648417996,99.50815660500544
28.963141749096085,12.954502476375518,99.48319123413324
28.71356694022879,12.830118589470379,99.47324199226298
28.88387949756511,13.028749475226196,99.51067343175251
29.324454183891866,13.151898276961255,99.50815660500544
29.10143671868847,12.924108023635432,99.47157161431127
28.80295949477521,13.256022819896994,99.51030672601222
28.611540626537145,13.04520005236505,99.51012214879538
29.00302211694724,13.112741749448581,99.50808169830955
28.425642712745166,12.981476221559188,99.46941406810755
28.883978081883598,13.195247606537794,99.5103782659143
29.16895243967971,12.855488925417236,99.47157161431127
28.65352022904263,13.072709562176716,99.51012214879538
29.472835351930637,13.50329736873048,99.50236077759955
28.998811353952565,12.988582476579536,99.46766878345994
28.80143702598362,13.14350318696065,99.51030672601222
28.911722972226467,12.936799935979481,99.48548780173799
28.724314497923096,13.034064007044078,99.51012214879538
28.25554120224321,13.224048480933932,99.5092851292219
29.218536455684394,13.324552457682355,99.50815660500544
29.056872506046016,13.102523699099796,99.50815660500544
28.852889200032187,12.772509521667644,99.474017320374
28.548550308303707,12.895676135922498,99.47324199226298
28.984730600715704,13.161899611820116,99.50808169830955
28.68334587114387,13.001946647800162,99.48850600612792
29.10928603373423,13.068908290513072,99.50845177084366
27.685923699116138,13.246369129904268,99.50023717503481
28.786973271189478,12.975205056691996,99.46941406810755
26.539461448980536,13.128236844624844,99.50300580572262
